0,event_log,1,key pressed,,2021-05-19T11:30:33,,,
1,event_log,1,key pressed,H,2021-05-19T11:30:33,,,
2,event_log,1,key pressed,a,2021-05-19T11:30:33,,,
3,event_log,1,key pressed,l,2021-05-19T11:30:33,,,
4,event_log,1,key pressed,l,2021-05-19T11:30:33,,,
5,event_log,1,completed word,Hallo,2021-05-19T11:30:34,,,
6,event_log,1,key pressed,",",2021-05-19T11:30:35,,,
7,event_log,1,word typed,"Hallo,",2021-05-19T11:30:35,,,
8,event_log,1,key pressed,space,2021-05-19T11:30:35,,,
9,event_log,1,key pressed,w,2021-05-19T11:30:35,,,
10,event_log,1,key pressed,o,2021-05-19T11:30:35,,,
11,event_log,1,completed word,Wohin,2021-05-19T11:30:36,,,
12,event_log,1,word typed,wohin,2021-05-19T11:30:37,,,
13,event_log,1,key pressed,space,2021-05-19T11:30:37,,,
14,event_log,1,key pressed,w,2021-05-19T11:30:37,,,
15,event_log,1,key pressed,o,2021-05-19T11:30:37,,,
16,event_log,1,key pressed,l,2021-05-19T11:30:38,,,
17,event_log,1,key pressed,l,2021-05-19T11:30:38,,,
18,event_log,1,key pressed,e,2021-05-19T11:30:38,,,
19,event_log,1,completed word,wollen,2021-05-19T11:30:39,,,
20,event_log,1,word typed,wollen,2021-05-19T11:30:39,,,
21,event_log,1,key pressed,space,2021-05-19T11:30:39,,,
22,event_log,1,key pressed,w,2021-05-19T11:30:40,,,
23,event_log,1,key pressed,i,2021-05-19T11:30:40,,,
24,event_log,1,key pressed,r,2021-05-19T11:30:40,,,
25,event_log,1,word typed,wir,2021-05-19T11:30:40,,,
26,event_log,1,key pressed,space,2021-05-19T11:30:40,,,
27,event_log,1,key pressed,h,2021-05-19T11:30:41,,,
28,event_log,1,key pressed,e,2021-05-19T11:30:41,,,
29,event_log,1,key pressed,u,2021-05-19T11:30:41,,,
30,event_log,1,key pressed,t,2021-05-19T11:30:41,,,
31,event_log,1,completed word,heute,2021-05-19T11:30:42,,,
32,event_log,1,word typed,heute,2021-05-19T11:30:42,,,
33,event_log,1,key pressed,space,2021-05-19T11:30:42,,,
34,event_log,1,key pressed,g,2021-05-19T11:30:43,,,
35,event_log,1,key pressed,e,2021-05-19T11:30:43,,,
36,event_log,1,key pressed,h,2021-05-19T11:30:43,,,
37,event_log,1,key pressed,e,2021-05-19T11:30:43,,,
38,event_log,1,completed word,gehen,2021-05-19T11:30:43,,,
39,event_log,1,key pressed,,2021-05-19T11:30:44,,,
40,event_log,1,key pressed,?,2021-05-19T11:30:44,,,
41,event_log,1,word typed,gehen?,2021-05-19T11:30:44,,,
42,event_log,1,sentence typed,"Hallo, wohin wollen wir heute gehen?",2021-05-19T11:30:44,,,
44,event_log,1,key pressed,return,2021-05-19T11:30:44,,,
45,event_log,1,key pressed,,2021-05-19T11:30:45,,,
46,event_log,1,key pressed,D,2021-05-19T11:30:46,,,
47,event_log,1,key pressed,u,2021-05-19T11:30:46,,,
48,event_log,1,word typed,Du,2021-05-19T11:30:46,,,
49,event_log,1,key pressed,space,2021-05-19T11:30:46,,,
50,event_log,1,key pressed,w,2021-05-19T11:30:47,,,
51,event_log,1,key pressed,i,2021-05-19T11:30:47,,,
52,event_log,1,key pressed,r,2021-05-19T11:30:47,,,
53,event_log,1,key pressed,f,2021-05-19T11:30:47,,,
54,event_log,1,key pressed,t,2021-05-19T11:30:48,,,
55,event_log,1,word typed,wirft,2021-05-19T11:30:48,,,
56,event_log,1,sentence typed,Du wirft,2021-05-19T11:30:48,,,
58,event_log,1,key pressed,return,2021-05-19T11:30:48,,,
59,event_log,1,key pressed,,2021-05-19T11:30:50,,,
60,event_log,1,key pressed,D,2021-05-19T11:30:51,,,
61,event_log,1,key pressed,i,2021-05-19T11:30:51,,,
62,event_log,1,key pressed,e,2021-05-19T11:30:51,,,
63,event_log,1,word typed,Die,2021-05-19T11:30:51,,,
64,event_log,1,key pressed,space,2021-05-19T11:30:51,,,
65,event_log,1,key pressed,,2021-05-19T11:30:52,,,
66,event_log,1,key pressed,F,2021-05-19T11:30:52,,,
67,event_log,1,key pressed,a,2021-05-19T11:30:52,,,
68,event_log,1,key pressed,n,2021-05-19T11:30:52,,,
69,event_log,1,key pressed,t,2021-05-19T11:30:53,,,
70,event_log,1,key pressed,s,2021-05-19T11:30:53,,,
71,event_log,1,key pressed,backspace,2021-05-19T11:30:54,,,
72,event_log,1,key pressed,a,2021-05-19T11:30:54,,,
73,event_log,1,key pressed,s,2021-05-19T11:30:54,,,
74,event_log,1,completed word,Fantasie,2021-05-19T11:30:55,,,
75,event_log,1,word typed,Fantasie,2021-05-19T11:30:56,,,
76,event_log,1,key pressed,space,2021-05-19T11:30:56,,,
77,event_log,1,key pressed,v,2021-05-19T11:30:56,,,
78,event_log,1,key pressed,o,2021-05-19T11:30:57,,,
79,event_log,1,key pressed,n,2021-05-19T11:30:57,,,
80,event_log,1,word typed,von,2021-05-19T11:30:57,,,
81,event_log,1,key pressed,space,2021-05-19T11:30:57,,,
82,event_log,1,key pressed,,2021-05-19T11:30:57,,,
83,event_log,1,key pressed,K,2021-05-19T11:30:58,,,
84,event_log,1,key pressed,i,2021-05-19T11:30:58,,,
85,event_log,1,key pressed,n,2021-05-19T11:30:58,,,
86,event_log,1,key pressed,d,2021-05-19T11:30:59,,,
87,event_log,1,key pressed,e,2021-05-19T11:30:59,,,
88,event_log,1,key pressed,r,2021-05-19T11:30:59,,,
89,event_log,1,completed word,Kindern,2021-05-19T11:31:00,,,
90,event_log,1,word typed,Kindern,2021-05-19T11:31:00,,,
91,event_log,1,key pressed,space,2021-05-19T11:31:00,,,
92,event_log,1,key pressed,i,2021-05-19T11:31:01,,,
93,event_log,1,key pressed,s,2021-05-19T11:31:01,,,
94,event_log,1,key pressed,t,2021-05-19T11:31:01,,,
95,event_log,1,word typed,ist,2021-05-19T11:31:01,,,
96,event_log,1,key pressed,space,2021-05-19T11:31:01,,,
97,event_log,1,key pressed,u,2021-05-19T11:31:02,,,
98,event_log,1,key pressed,n,2021-05-19T11:31:02,,,
99,event_log,1,key pressed,e,2021-05-19T11:31:02,,,
100,event_log,1,key pressed,r,2021-05-19T11:31:02,,,
101,event_log,1,key pressed,m,2021-05-19T11:31:02,,,
102,event_log,1,completed word,unermesslich,2021-05-19T11:31:03,,,
103,event_log,1,word typed,unermesslich,2021-05-19T11:31:04,,,
104,event_log,1,sentence typed,Die Fantasie von Kindern ist unermesslich,2021-05-19T11:31:04,,,
106,event_log,1,test finished,,2021-05-19T11:31:04,,,
107,event_log,2,key pressed,,2021-05-19T11:31:32,,,
108,event_log,2,key pressed,H,2021-05-19T11:31:32,,,
109,event_log,2,key pressed,a,2021-05-19T11:31:32,,,
110,event_log,2,key pressed,l,2021-05-19T11:31:33,,,
111,event_log,2,completed word,Hallo,2021-05-19T11:31:33,,,
112,event_log,2,key pressed,",",2021-05-19T11:31:34,,,
113,event_log,2,word typed,"Hallo,",2021-05-19T11:31:34,,,
114,event_log,2,key pressed,space,2021-05-19T11:31:34,,,
115,event_log,2,key pressed,w,2021-05-19T11:31:34,,,
116,event_log,2,key pressed,o,2021-05-19T11:31:35,,,
117,event_log,2,completed word,Wohin,2021-05-19T11:31:35,,,
118,event_log,2,word typed,wohin,2021-05-19T11:31:35,,,
119,event_log,2,key pressed,space,2021-05-19T11:31:35,,,
120,event_log,2,key pressed,w,2021-05-19T11:31:36,,,
121,event_log,2,key pressed,o,2021-05-19T11:31:36,,,
122,event_log,2,key pressed,l,2021-05-19T11:31:36,,,
123,event_log,2,completed word,Wolle,2021-05-19T11:31:36,,,
124,event_log,2,word typed,wolle,2021-05-19T11:31:37,,,
125,event_log,2,key pressed,space,2021-05-19T11:31:37,,,
126,event_log,2,key pressed,w,2021-05-19T11:31:37,,,
127,event_log,2,key pressed,i,2021-05-19T11:31:38,,,
128,event_log,2,key pressed,r,2021-05-19T11:31:38,,,
129,event_log,2,word typed,wir,2021-05-19T11:31:38,,,
130,event_log,2,key pressed,space,2021-05-19T11:31:38,,,
131,event_log,2,key pressed,h,2021-05-19T11:31:39,,,
132,event_log,2,key pressed,e,2021-05-19T11:31:39,,,
133,event_log,2,key pressed,u,2021-05-19T11:31:39,,,
134,event_log,2,key pressed,t,2021-05-19T11:31:39,,,
135,event_log,2,key pressed,e,2021-05-19T11:31:40,,,
136,event_log,2,word typed,heute,2021-05-19T11:31:40,,,
137,event_log,2,key pressed,space,2021-05-19T11:31:40,,,
138,event_log,2,key pressed,g,2021-05-19T11:31:41,,,
139,event_log,2,key pressed,e,2021-05-19T11:31:41,,,
140,event_log,2,key pressed,h,2021-05-19T11:31:41,,,
141,event_log,2,completed word,gehen,2021-05-19T11:31:41,,,
142,event_log,2,key pressed,,2021-05-19T11:31:42,,,
143,event_log,2,key pressed,?,2021-05-19T11:31:42,,,
144,event_log,2,word typed,gehen?,2021-05-19T11:31:42,,,
145,event_log,2,sentence typed,"Hallo, wohin wolle wir heute gehen?",2021-05-19T11:31:42,,,
147,event_log,2,key pressed,return,2021-05-19T11:31:42,,,
148,event_log,2,key pressed,,2021-05-19T11:31:43,,,
149,event_log,2,key pressed,D,2021-05-19T11:31:44,,,
150,event_log,2,key pressed,u,2021-05-19T11:31:44,,,
151,event_log,2,word typed,Du,2021-05-19T11:31:44,,,
152,event_log,2,key pressed,space,2021-05-19T11:31:44,,,
153,event_log,2,key pressed,w,2021-05-19T11:31:44,,,
154,event_log,2,key pressed,i,2021-05-19T11:31:45,,,
155,event_log,2,key pressed,r,2021-05-19T11:31:45,,,
156,event_log,2,key pressed,f,2021-05-19T11:31:45,,,
157,event_log,2,completed word,wirfst,2021-05-19T11:31:46,,,
158,event_log,2,word typed,wirfst,2021-05-19T11:31:46,,,
159,event_log,2,key pressed,space,2021-05-19T11:31:46,,,
160,event_log,2,key pressed,d,2021-05-19T11:31:46,,,
161,event_log,2,key pressed,e,2021-05-19T11:31:47,,,
162,event_log,2,key pressed,n,2021-05-19T11:31:47,,,
163,event_log,2,word typed,den,2021-05-19T11:31:47,,,
164,event_log,2,key pressed,space,2021-05-19T11:31:47,,,
165,event_log,2,key pressed,s,2021-05-19T11:31:47,,,
166,event_log,2,key pressed,c,2021-05-19T11:31:48,,,
167,event_log,2,key pressed,h,2021-05-19T11:31:48,,,
168,event_log,2,completed word,Schweinen,2021-05-19T11:31:49,,,
169,event_log,2,word typed,schweinen,2021-05-19T11:31:49,,,
170,event_log,2,key pressed,space,2021-05-19T11:31:49,,,
171,event_log,2,key pressed,,2021-05-19T11:31:50,,,
172,event_log,2,key pressed,P,2021-05-19T11:31:50,,,
173,event_log,2,key pressed,e,2021-05-19T11:31:50,,,
174,event_log,2,key pressed,r,2021-05-19T11:31:50,,,
175,event_log,2,key pressed,l,2021-05-19T11:31:50,,,
176,event_log,2,completed word,Perlen,2021-05-19T11:31:51,,,
177,event_log,2,word typed,Perlen,2021-05-19T11:31:51,,,
178,event_log,2,key pressed,space,2021-05-19T11:31:51,,,
179,event_log,2,key pressed,v,2021-05-19T11:31:52,,,
180,event_log,2,key pressed,o,2021-05-19T11:31:52,,,
181,event_log,2,key pressed,r,2021-05-19T11:31:52,,,
182,event_log,2,word typed,vor,2021-05-19T11:31:54,,,
183,event_log,2,key pressed,space,2021-05-19T11:31:54,,,
184,event_log,2,key pressed,d,2021-05-19T11:31:54,,,
185,event_log,2,key pressed,i,2021-05-19T11:31:55,,,
186,event_log,2,key pressed,e,2021-05-19T11:31:55,,,
187,event_log,2,word typed,die,2021-05-19T11:31:55,,,
188,event_log,2,key pressed,space,2021-05-19T11:31:55,,,
189,event_log,2,key pressed,,2021-05-19T11:31:56,,,
190,event_log,2,key pressed,F,2021-05-19T11:31:56,,,
191,event_log,2,key pressed,ü,2021-05-19T11:31:57,,,
192,event_log,2,key pressed,ß,2021-05-19T11:31:57,,,
193,event_log,2,completed word,füße,2021-05-19T11:31:58,,,
194,event_log,2,key pressed,.,2021-05-19T11:31:59,,,
195,event_log,2,word typed,Füße.,2021-05-19T11:31:59,,,
196,event_log,2,sentence typed,Du wirfst den schweinen Perlen vor die Füße.,2021-05-19T11:31:59,,,
198,event_log,2,key pressed,return,2021-05-19T11:31:59,,,
199,event_log,2,key pressed,,2021-05-19T11:32:00,,,
200,event_log,2,key pressed,D,2021-05-19T11:32:00,,,
201,event_log,2,key pressed,i,2021-05-19T11:32:01,,,
202,event_log,2,key pressed,e,2021-05-19T11:32:01,,,
203,event_log,2,word typed,Die,2021-05-19T11:32:01,,,
204,event_log,2,key pressed,space,2021-05-19T11:32:01,,,
205,event_log,2,key pressed,f,2021-05-19T11:32:01,,,
206,event_log,2,key pressed,a,2021-05-19T11:32:02,,,
207,event_log,2,key pressed,n,2021-05-19T11:32:02,,,
208,event_log,2,key pressed,t,2021-05-19T11:32:02,,,
209,event_log,2,completed word,Fantasie,2021-05-19T11:32:02,,,
210,event_log,2,word typed,fantasie,2021-05-19T11:32:03,,,
211,event_log,2,key pressed,space,2021-05-19T11:32:03,,,
212,event_log,2,key pressed,v,2021-05-19T11:32:03,,,
213,event_log,2,key pressed,o,2021-05-19T11:32:03,,,
214,event_log,2,key pressed,n,2021-05-19T11:32:04,,,
215,event_log,2,word typed,von,2021-05-19T11:32:04,,,
216,event_log,2,key pressed,space,2021-05-19T11:32:04,,,
217,event_log,2,key pressed,,2021-05-19T11:32:04,,,
218,event_log,2,key pressed,K,2021-05-19T11:32:05,,,
219,event_log,2,key pressed,i,2021-05-19T11:32:05,,,
220,event_log,2,key pressed,n,2021-05-19T11:32:05,,,
221,event_log,2,completed word,Kindern,2021-05-19T11:32:05,,,
222,event_log,2,word typed,Kindern,2021-05-19T11:32:06,,,
223,event_log,2,key pressed,space,2021-05-19T11:32:06,,,
224,event_log,2,key pressed,i,2021-05-19T11:32:07,,,
225,event_log,2,key pressed,s,2021-05-19T11:32:07,,,
226,event_log,2,key pressed,t,2021-05-19T11:32:08,,,
227,event_log,2,word typed,ist,2021-05-19T11:32:08,,,
228,event_log,2,key pressed,space,2021-05-19T11:32:08,,,
229,event_log,2,key pressed,u,2021-05-19T11:32:08,,,
230,event_log,2,key pressed,n,2021-05-19T11:32:09,,,
231,event_log,2,key pressed,e,2021-05-19T11:32:09,,,
232,event_log,2,key pressed,r,2021-05-19T11:32:09,,,
233,event_log,2,key pressed,m,2021-05-19T11:32:09,,,
234,event_log,2,completed word,unermesslich,2021-05-19T11:32:09,,,
235,event_log,2,word typed,unermesslich,2021-05-19T11:32:10,,,
236,event_log,2,sentence typed,Die fantasie von Kindern ist unermesslich,2021-05-19T11:32:10,,,
238,event_log,2,test finished,,2021-05-19T11:32:10,,,
239,event_log,3,key pressed,,2021-05-19T11:32:35,,,
240,event_log,3,key pressed,H,2021-05-19T11:32:35,,,
241,event_log,3,key pressed,a,2021-05-19T11:32:35,,,
242,event_log,3,key pressed,l,2021-05-19T11:32:36,,,
243,event_log,3,key pressed,o,2021-05-19T11:32:36,,,
244,event_log,3,key pressed,backspace,2021-05-19T11:32:37,,,
245,event_log,3,key pressed,l,2021-05-19T11:32:38,,,
246,event_log,3,key pressed,o,2021-05-19T11:32:38,,,
247,event_log,3,key pressed,",",2021-05-19T11:32:38,,,
248,event_log,3,word typed,"Hallo,",2021-05-19T11:32:39,,,
249,event_log,3,key pressed,space,2021-05-19T11:32:39,,,
250,event_log,3,key pressed,w,2021-05-19T11:32:39,,,
251,event_log,3,key pressed,o,2021-05-19T11:32:39,,,
252,event_log,3,key pressed,h,2021-05-19T11:32:39,,,
253,event_log,3,key pressed,i,2021-05-19T11:32:40,,,
254,event_log,3,key pressed,n,2021-05-19T11:32:40,,,
255,event_log,3,word typed,wohin,2021-05-19T11:32:40,,,
256,event_log,3,key pressed,space,2021-05-19T11:32:40,,,
257,event_log,3,key pressed,w,2021-05-19T11:32:40,,,
258,event_log,3,key pressed,o,2021-05-19T11:32:41,,,
259,event_log,3,key pressed,l,2021-05-19T11:32:41,,,
260,event_log,3,key pressed,l,2021-05-19T11:32:41,,,
261,event_log,3,key pressed,e,2021-05-19T11:32:41,,,
262,event_log,3,key pressed,n,2021-05-19T11:32:41,,,
263,event_log,3,word typed,wollen,2021-05-19T11:32:41,,,
264,event_log,3,key pressed,space,2021-05-19T11:32:41,,,
265,event_log,3,key pressed,w,2021-05-19T11:32:42,,,
266,event_log,3,key pressed,i,2021-05-19T11:32:42,,,
267,event_log,3,key pressed,r,2021-05-19T11:32:42,,,
268,event_log,3,word typed,wir,2021-05-19T11:32:42,,,
269,event_log,3,key pressed,space,2021-05-19T11:32:42,,,
270,event_log,3,key pressed,h,2021-05-19T11:32:42,,,
271,event_log,3,key pressed,e,2021-05-19T11:32:42,,,
272,event_log,3,key pressed,u,2021-05-19T11:32:43,,,
273,event_log,3,key pressed,t,2021-05-19T11:32:43,,,
274,event_log,3,key pressed,e,2021-05-19T11:32:43,,,
275,event_log,3,word typed,heute,2021-05-19T11:32:43,,,
276,event_log,3,key pressed,space,2021-05-19T11:32:43,,,
277,event_log,3,key pressed,g,2021-05-19T11:32:43,,,
278,event_log,3,key pressed,e,2021-05-19T11:32:43,,,
279,event_log,3,key pressed,h,2021-05-19T11:32:43,,,
280,event_log,3,key pressed,e,2021-05-19T11:32:44,,,
281,event_log,3,key pressed,n,2021-05-19T11:32:44,,,
282,event_log,3,key pressed,,2021-05-19T11:32:44,,,
283,event_log,3,key pressed,?,2021-05-19T11:32:45,,,
284,event_log,3,word typed,gehen?,2021-05-19T11:32:45,,,
285,event_log,3,sentence typed,"Hallo, wohin wollen wir heute gehen?",2021-05-19T11:32:45,,,
287,event_log,3,key pressed,return,2021-05-19T11:32:45,,,
288,event_log,3,key pressed,,2021-05-19T11:32:46,,,
289,event_log,3,key pressed,D,2021-05-19T11:32:46,,,
290,event_log,3,key pressed,u,2021-05-19T11:32:47,,,
291,event_log,3,word typed,Du,2021-05-19T11:32:47,,,
292,event_log,3,key pressed,space,2021-05-19T11:32:47,,,
293,event_log,3,key pressed,w,2021-05-19T11:32:47,,,
294,event_log,3,key pressed,i,2021-05-19T11:32:47,,,
295,event_log,3,key pressed,r,2021-05-19T11:32:47,,,
296,event_log,3,key pressed,f,2021-05-19T11:32:48,,,
297,event_log,3,key pressed,s,2021-05-19T11:32:48,,,
298,event_log,3,key pressed,t,2021-05-19T11:32:48,,,
299,event_log,3,word typed,wirfst,2021-05-19T11:32:48,,,
300,event_log,3,key pressed,space,2021-05-19T11:32:48,,,
301,event_log,3,key pressed,d,2021-05-19T11:32:48,,,
302,event_log,3,key pressed,e,2021-05-19T11:32:49,,,
303,event_log,3,key pressed,n,2021-05-19T11:32:49,,,
304,event_log,3,word typed,den,2021-05-19T11:32:49,,,
305,event_log,3,key pressed,space,2021-05-19T11:32:49,,,
306,event_log,3,key pressed,,2021-05-19T11:32:49,,,
307,event_log,3,key pressed,S,2021-05-19T11:32:49,,,
308,event_log,3,key pressed,c,2021-05-19T11:32:50,,,
309,event_log,3,key pressed,h,2021-05-19T11:32:50,,,
310,event_log,3,key pressed,w,2021-05-19T11:32:50,,,
311,event_log,3,key pressed,e,2021-05-19T11:32:50,,,
312,event_log,3,key pressed,i,2021-05-19T11:32:51,,,
313,event_log,3,key pressed,n,2021-05-19T11:32:51,,,
314,event_log,3,key pressed,e,2021-05-19T11:32:51,,,
315,event_log,3,key pressed,n,2021-05-19T11:32:51,,,
316,event_log,3,word typed,Schweinen,2021-05-19T11:32:51,,,
317,event_log,3,key pressed,space,2021-05-19T11:32:51,,,
318,event_log,3,key pressed,,2021-05-19T11:32:51,,,
319,event_log,3,key pressed,P,2021-05-19T11:32:52,,,
320,event_log,3,key pressed,e,2021-05-19T11:32:52,,,
321,event_log,3,key pressed,r,2021-05-19T11:32:52,,,
322,event_log,3,key pressed,l,2021-05-19T11:32:52,,,
323,event_log,3,key pressed,e,2021-05-19T11:32:52,,,
324,event_log,3,key pressed,n,2021-05-19T11:32:53,,,
325,event_log,3,word typed,Perlen,2021-05-19T11:32:53,,,
326,event_log,3,key pressed,space,2021-05-19T11:32:53,,,
327,event_log,3,key pressed,v,2021-05-19T11:32:53,,,
328,event_log,3,key pressed,o,2021-05-19T11:32:54,,,
329,event_log,3,key pressed,r,2021-05-19T11:32:54,,,
330,event_log,3,word typed,vor,2021-05-19T11:32:54,,,
331,event_log,3,key pressed,space,2021-05-19T11:32:54,,,
332,event_log,3,key pressed,d,2021-05-19T11:32:54,,,
333,event_log,3,key pressed,i,2021-05-19T11:32:55,,,
334,event_log,3,key pressed,e,2021-05-19T11:32:56,,,
335,event_log,3,word typed,die,2021-05-19T11:32:56,,,
336,event_log,3,key pressed,space,2021-05-19T11:32:56,,,
337,event_log,3,key pressed,,2021-05-19T11:32:56,,,
338,event_log,3,key pressed,F,2021-05-19T11:32:56,,,
339,event_log,3,key pressed,ü,2021-05-19T11:32:56,,,
340,event_log,3,key pressed,ß,2021-05-19T11:32:56,,,
341,event_log,3,key pressed,e,2021-05-19T11:32:57,,,
342,event_log,3,word typed,Füße,2021-05-19T11:32:57,,,
343,event_log,3,sentence typed,Du wirfst den Schweinen Perlen vor die Füße,2021-05-19T11:32:57,,,
345,event_log,3,key pressed,return,2021-05-19T11:32:57,,,
346,event_log,3,key pressed,,2021-05-19T11:32:58,,,
347,event_log,3,key pressed,D,2021-05-19T11:32:58,,,
348,event_log,3,key pressed,i,2021-05-19T11:32:58,,,
349,event_log,3,word typed,Di,2021-05-19T11:32:59,,,
350,event_log,3,key pressed,space,2021-05-19T11:32:59,,,
351,event_log,3,key pressed,f,2021-05-19T11:32:59,,,
352,event_log,3,key pressed,a,2021-05-19T11:32:59,,,
353,event_log,3,key pressed,n,2021-05-19T11:32:59,,,
354,event_log,3,key pressed,b,2021-05-19T11:32:59,,,
355,event_log,3,key pressed,t,2021-05-19T11:32:59,,,
356,event_log,3,key pressed,a,2021-05-19T11:33:00,,,
357,event_log,3,key pressed,s,2021-05-19T11:33:00,,,
358,event_log,3,key pressed,i,2021-05-19T11:33:00,,,
359,event_log,3,key pressed,e,2021-05-19T11:33:00,,,
360,event_log,3,word typed,fanbtasie,2021-05-19T11:33:01,,,
361,event_log,3,key pressed,space,2021-05-19T11:33:01,,,
362,event_log,3,key pressed,v,2021-05-19T11:33:01,,,
363,event_log,3,key pressed,o,2021-05-19T11:33:01,,,
364,event_log,3,key pressed,n,2021-05-19T11:33:02,,,
365,event_log,3,word typed,von,2021-05-19T11:33:02,,,
366,event_log,3,key pressed,space,2021-05-19T11:33:02,,,
367,event_log,3,key pressed,k,2021-05-19T11:33:02,,,
368,event_log,3,key pressed,i,2021-05-19T11:33:02,,,
369,event_log,3,key pressed,n,2021-05-19T11:33:02,,,
370,event_log,3,key pressed,d,2021-05-19T11:33:02,,,
371,event_log,3,key pressed,e,2021-05-19T11:33:02,,,
372,event_log,3,key pressed,r,2021-05-19T11:33:03,,,
373,event_log,3,key pressed,n,2021-05-19T11:33:03,,,
374,event_log,3,word typed,kindern,2021-05-19T11:33:03,,,
375,event_log,3,key pressed,space,2021-05-19T11:33:03,,,
376,event_log,3,key pressed,i,2021-05-19T11:33:03,,,
377,event_log,3,key pressed,s,2021-05-19T11:33:03,,,
378,event_log,3,key pressed,t,2021-05-19T11:33:04,,,
379,event_log,3,word typed,ist,2021-05-19T11:33:04,,,
380,event_log,3,key pressed,space,2021-05-19T11:33:04,,,
381,event_log,3,key pressed,u,2021-05-19T11:33:04,,,
382,event_log,3,key pressed,n,2021-05-19T11:33:04,,,
383,event_log,3,key pressed,e,2021-05-19T11:33:04,,,
384,event_log,3,key pressed,r,2021-05-19T11:33:04,,,
385,event_log,3,key pressed,m,2021-05-19T11:33:05,,,
386,event_log,3,key pressed,e,2021-05-19T11:33:05,,,
387,event_log,3,key pressed,s,2021-05-19T11:33:05,,,
388,event_log,3,key pressed,s,2021-05-19T11:33:05,,,
389,event_log,3,key pressed,l,2021-05-19T11:33:06,,,
390,event_log,3,key pressed,i,2021-05-19T11:33:06,,,
391,event_log,3,key pressed,c,2021-05-19T11:33:06,,,
392,event_log,3,key pressed,h,2021-05-19T11:33:06,,,
393,event_log,3,word typed,unermesslich,2021-05-19T11:33:06,,,
394,event_log,3,sentence typed,Di fanbtasie von kindern ist unermesslich,2021-05-19T11:33:06,,,
396,event_log,3,test finished,,2021-05-19T11:33:06,,,
397,event_log,4,key pressed,,2021-05-19T11:33:25,,,
398,event_log,4,key pressed,H,2021-05-19T11:33:25,,,
399,event_log,4,key pressed,a,2021-05-19T11:33:26,,,
400,event_log,4,key pressed,l,2021-05-19T11:33:26,,,
401,event_log,4,key pressed,l,2021-05-19T11:33:26,,,
402,event_log,4,key pressed,o,2021-05-19T11:33:26,,,
403,event_log,4,key pressed,",",2021-05-19T11:33:27,,,
404,event_log,4,word typed,"Hallo,",2021-05-19T11:33:27,,,
405,event_log,4,key pressed,space,2021-05-19T11:33:27,,,
406,event_log,4,key pressed,w,2021-05-19T11:33:27,,,
407,event_log,4,key pressed,o,2021-05-19T11:33:28,,,
408,event_log,4,key pressed,h,2021-05-19T11:33:28,,,
409,event_log,4,key pressed,i,2021-05-19T11:33:28,,,
410,event_log,4,key pressed,n,2021-05-19T11:33:29,,,
411,event_log,4,word typed,wohin,2021-05-19T11:33:29,,,
412,event_log,4,key pressed,space,2021-05-19T11:33:29,,,
413,event_log,4,key pressed,w,2021-05-19T11:33:29,,,
414,event_log,4,key pressed,o,2021-05-19T11:33:29,,,
415,event_log,4,key pressed,l,2021-05-19T11:33:30,,,
416,event_log,4,key pressed,l,2021-05-19T11:33:30,,,
417,event_log,4,key pressed,e,2021-05-19T11:33:30,,,
418,event_log,4,key pressed,n,2021-05-19T11:33:30,,,
419,event_log,4,word typed,wollen,2021-05-19T11:33:30,,,
420,event_log,4,key pressed,space,2021-05-19T11:33:30,,,
421,event_log,4,key pressed,w,2021-05-19T11:33:31,,,
422,event_log,4,key pressed,i,2021-05-19T11:33:31,,,
423,event_log,4,key pressed,r,2021-05-19T11:33:31,,,
424,event_log,4,word typed,wir,2021-05-19T11:33:31,,,
425,event_log,4,key pressed,space,2021-05-19T11:33:31,,,
426,event_log,4,key pressed,h,2021-05-19T11:33:32,,,
427,event_log,4,key pressed,e,2021-05-19T11:33:32,,,
428,event_log,4,key pressed,u,2021-05-19T11:33:32,,,
429,event_log,4,key pressed,t,2021-05-19T11:33:32,,,
430,event_log,4,key pressed,e,2021-05-19T11:33:32,,,
431,event_log,4,word typed,heute,2021-05-19T11:33:33,,,
432,event_log,4,key pressed,space,2021-05-19T11:33:33,,,
433,event_log,4,key pressed,g,2021-05-19T11:33:33,,,
434,event_log,4,key pressed,e,2021-05-19T11:33:33,,,
435,event_log,4,key pressed,h,2021-05-19T11:33:34,,,
436,event_log,4,key pressed,e,2021-05-19T11:33:34,,,
437,event_log,4,key pressed,n,2021-05-19T11:33:34,,,
438,event_log,4,key pressed,,2021-05-19T11:33:34,,,
439,event_log,4,key pressed,?,2021-05-19T11:33:35,,,
440,event_log,4,word typed,gehen?,2021-05-19T11:33:35,,,
441,event_log,4,sentence typed,"Hallo, wohin wollen wir heute gehen?",2021-05-19T11:33:35,,,
443,event_log,4,key pressed,return,2021-05-19T11:33:35,,,
444,event_log,4,key pressed,,2021-05-19T11:33:37,,,
445,event_log,4,key pressed,D,2021-05-19T11:33:37,,,
446,event_log,4,key pressed,u,2021-05-19T11:33:37,,,
447,event_log,4,word typed,Du,2021-05-19T11:33:37,,,
448,event_log,4,key pressed,space,2021-05-19T11:33:37,,,
449,event_log,4,key pressed,w,2021-05-19T11:33:38,,,
450,event_log,4,key pressed,i,2021-05-19T11:33:38,,,
451,event_log,4,key pressed,r,2021-05-19T11:33:38,,,
452,event_log,4,key pressed,f,2021-05-19T11:33:38,,,
453,event_log,4,key pressed,s,2021-05-19T11:33:39,,,
454,event_log,4,key pressed,t,2021-05-19T11:33:39,,,
455,event_log,4,word typed,wirfst,2021-05-19T11:33:39,,,
456,event_log,4,key pressed,space,2021-05-19T11:33:39,,,
457,event_log,4,key pressed,d,2021-05-19T11:33:39,,,
458,event_log,4,key pressed,e,2021-05-19T11:33:40,,,
459,event_log,4,key pressed,n,2021-05-19T11:33:40,,,
460,event_log,4,word typed,den,2021-05-19T11:33:40,,,
461,event_log,4,key pressed,space,2021-05-19T11:33:40,,,
462,event_log,4,key pressed,,2021-05-19T11:33:40,,,
463,event_log,4,key pressed,S,2021-05-19T11:33:41,,,
464,event_log,4,key pressed,c,2021-05-19T11:33:41,,,
465,event_log,4,key pressed,h,2021-05-19T11:33:41,,,
466,event_log,4,key pressed,w,2021-05-19T11:33:41,,,
467,event_log,4,key pressed,e,2021-05-19T11:33:41,,,
468,event_log,4,key pressed,i,2021-05-19T11:33:42,,,
469,event_log,4,key pressed,n,2021-05-19T11:33:42,,,
470,event_log,4,key pressed,e,2021-05-19T11:33:42,,,
471,event_log,4,key pressed,n,2021-05-19T11:33:42,,,
472,event_log,4,word typed,Schweinen,2021-05-19T11:33:43,,,
473,event_log,4,key pressed,space,2021-05-19T11:33:43,,,
474,event_log,4,key pressed,,2021-05-19T11:33:43,,,
475,event_log,4,key pressed,P,2021-05-19T11:33:43,,,
476,event_log,4,key pressed,e,2021-05-19T11:33:43,,,
477,event_log,4,key pressed,r,2021-05-19T11:33:43,,,
478,event_log,4,key pressed,l,2021-05-19T11:33:44,,,
479,event_log,4,key pressed,e,2021-05-19T11:33:44,,,
480,event_log,4,key pressed,n,2021-05-19T11:33:44,,,
481,event_log,4,word typed,Perlen,2021-05-19T11:33:44,,,
482,event_log,4,key pressed,space,2021-05-19T11:33:44,,,
483,event_log,4,key pressed,v,2021-05-19T11:33:45,,,
484,event_log,4,key pressed,o,2021-05-19T11:33:45,,,
485,event_log,4,key pressed,r,2021-05-19T11:33:45,,,
486,event_log,4,word typed,vor,2021-05-19T11:33:45,,,
487,event_log,4,key pressed,space,2021-05-19T11:33:45,,,
488,event_log,4,key pressed,d,2021-05-19T11:33:46,,,
489,event_log,4,key pressed,i,2021-05-19T11:33:46,,,
490,event_log,4,key pressed,e,2021-05-19T11:33:46,,,
491,event_log,4,word typed,die,2021-05-19T11:33:46,,,
492,event_log,4,key pressed,space,2021-05-19T11:33:46,,,
493,event_log,4,key pressed,,2021-05-19T11:33:47,,,
494,event_log,4,key pressed,,2021-05-19T11:33:48,,,
495,event_log,4,key pressed,F,2021-05-19T11:33:48,,,
496,event_log,4,key pressed,ü,2021-05-19T11:33:48,,,
497,event_log,4,key pressed,ß,2021-05-19T11:33:48,,,
498,event_log,4,key pressed,e,2021-05-19T11:33:48,,,
499,event_log,4,word typed,Füße,2021-05-19T11:33:49,,,
500,event_log,4,sentence typed,Du wirfst den Schweinen Perlen vor die Füße,2021-05-19T11:33:49,,,
502,event_log,4,key pressed,return,2021-05-19T11:33:49,,,
503,event_log,4,key pressed,,2021-05-19T11:33:50,,,
504,event_log,4,key pressed,D,2021-05-19T11:33:50,,,
505,event_log,4,key pressed,i,2021-05-19T11:33:50,,,
506,event_log,4,key pressed,e,2021-05-19T11:33:51,,,
507,event_log,4,word typed,Die,2021-05-19T11:33:51,,,
508,event_log,4,key pressed,space,2021-05-19T11:33:51,,,
509,event_log,4,key pressed,,2021-05-19T11:33:51,,,
510,event_log,4,key pressed,F,2021-05-19T11:33:51,,,
511,event_log,4,key pressed,a,2021-05-19T11:33:51,,,
512,event_log,4,key pressed,n,2021-05-19T11:33:52,,,
513,event_log,4,key pressed,t,2021-05-19T11:33:52,,,
514,event_log,4,key pressed,a,2021-05-19T11:33:52,,,
515,event_log,4,key pressed,s,2021-05-19T11:33:52,,,
516,event_log,4,key pressed,i,2021-05-19T11:33:53,,,
517,event_log,4,key pressed,e,2021-05-19T11:33:53,,,
518,event_log,4,word typed,Fantasie,2021-05-19T11:33:53,,,
519,event_log,4,key pressed,space,2021-05-19T11:33:53,,,
520,event_log,4,key pressed,v,2021-05-19T11:33:54,,,
521,event_log,4,key pressed,o,2021-05-19T11:33:54,,,
522,event_log,4,key pressed,n,2021-05-19T11:33:54,,,
523,event_log,4,word typed,von,2021-05-19T11:33:54,,,
524,event_log,4,key pressed,space,2021-05-19T11:33:54,,,
525,event_log,4,key pressed,,2021-05-19T11:33:55,,,
526,event_log,4,key pressed,K,2021-05-19T11:33:55,,,
527,event_log,4,key pressed,i,2021-05-19T11:33:55,,,
528,event_log,4,key pressed,n,2021-05-19T11:33:55,,,
529,event_log,4,key pressed,d,2021-05-19T11:33:56,,,
530,event_log,4,key pressed,e,2021-05-19T11:33:56,,,
531,event_log,4,key pressed,r,2021-05-19T11:33:56,,,
532,event_log,4,key pressed,n,2021-05-19T11:33:56,,,
533,event_log,4,word typed,Kindern,2021-05-19T11:33:56,,,
534,event_log,4,key pressed,space,2021-05-19T11:33:56,,,
535,event_log,4,key pressed,i,2021-05-19T11:33:57,,,
536,event_log,4,key pressed,s,2021-05-19T11:33:57,,,
537,event_log,4,key pressed,t,2021-05-19T11:33:57,,,
538,event_log,4,word typed,ist,2021-05-19T11:33:57,,,
539,event_log,4,key pressed,space,2021-05-19T11:33:57,,,
540,event_log,4,key pressed,u,2021-05-19T11:33:58,,,
541,event_log,4,key pressed,n,2021-05-19T11:33:58,,,
542,event_log,4,key pressed,e,2021-05-19T11:33:58,,,
543,event_log,4,key pressed,r,2021-05-19T11:33:58,,,
544,event_log,4,key pressed,m,2021-05-19T11:33:58,,,
545,event_log,4,key pressed,e,2021-05-19T11:33:58,,,
546,event_log,4,key pressed,s,2021-05-19T11:33:59,,,
547,event_log,4,key pressed,s,2021-05-19T11:33:59,,,
548,event_log,4,key pressed,l,2021-05-19T11:33:59,,,
549,event_log,4,key pressed,i,2021-05-19T11:33:59,,,
550,event_log,4,key pressed,c,2021-05-19T11:33:59,,,
551,event_log,4,key pressed,h,2021-05-19T11:33:59,,,
552,event_log,4,key pressed,.,2021-05-19T11:34:00,,,
553,event_log,4,word typed,unermesslich.,2021-05-19T11:34:01,,,
554,event_log,4,sentence typed,Die Fantasie von Kindern ist unermesslich.,2021-05-19T11:34:01,,,
556,event_log,4,test finished,,2021-05-19T11:34:01,,,
0,event_log,5,key pressed,,2021-05-19T12:30:27,,,
1,event_log,5,key pressed,H,2021-05-19T12:30:27,,,
2,event_log,5,key pressed,a,2021-05-19T12:30:28,,,
3,event_log,5,key pressed,l,2021-05-19T12:30:28,,,
4,event_log,5,key pressed,l,2021-05-19T12:30:28,,,
5,event_log,5,key pressed,o,2021-05-19T12:30:28,,,
6,event_log,5,key pressed,",",2021-05-19T12:30:29,,,
7,event_log,5,word typed,"Hallo,",2021-05-19T12:30:31,,,
8,event_log,5,key pressed,space,2021-05-19T12:30:31,,,
9,event_log,5,key pressed,w,2021-05-19T12:30:31,,,
10,event_log,5,key pressed,o,2021-05-19T12:30:31,,,
11,event_log,5,key pressed,h,2021-05-19T12:30:32,,,
12,event_log,5,key pressed,i,2021-05-19T12:30:32,,,
13,event_log,5,key pressed,n,2021-05-19T12:30:32,,,
14,event_log,5,word typed,wohin,2021-05-19T12:30:32,,,
15,event_log,5,key pressed,space,2021-05-19T12:30:32,,,
16,event_log,5,key pressed,s,2021-05-19T12:30:33,,,
17,event_log,5,key pressed,o,2021-05-19T12:30:33,,,
18,event_log,5,key pressed,backspace,2021-05-19T12:30:33,,,
19,event_log,5,key pressed,backspace,2021-05-19T12:30:34,,,
20,event_log,5,key pressed,w,2021-05-19T12:30:34,,,
21,event_log,5,key pressed,o,2021-05-19T12:30:34,,,
22,event_log,5,key pressed,l,2021-05-19T12:30:34,,,
23,event_log,5,key pressed,l,2021-05-19T12:30:34,,,
24,event_log,5,key pressed,e,2021-05-19T12:30:34,,,
25,event_log,5,key pressed,n,2021-05-19T12:30:34,,,
26,event_log,5,word typed,wollen,2021-05-19T12:30:35,,,
27,event_log,5,key pressed,space,2021-05-19T12:30:35,,,
28,event_log,5,key pressed,w,2021-05-19T12:30:35,,,
29,event_log,5,key pressed,i,2021-05-19T12:30:35,,,
30,event_log,5,key pressed,r,2021-05-19T12:30:35,,,
31,event_log,5,word typed,wir,2021-05-19T12:30:35,,,
32,event_log,5,key pressed,space,2021-05-19T12:30:35,,,
33,event_log,5,key pressed,h,2021-05-19T12:30:35,,,
34,event_log,5,key pressed,e,2021-05-19T12:30:35,,,
35,event_log,5,key pressed,u,2021-05-19T12:30:36,,,
36,event_log,5,key pressed,t,2021-05-19T12:30:36,,,
37,event_log,5,key pressed,e,2021-05-19T12:30:36,,,
38,event_log,5,word typed,heute,2021-05-19T12:30:36,,,
39,event_log,5,key pressed,space,2021-05-19T12:30:36,,,
40,event_log,5,key pressed,g,2021-05-19T12:30:36,,,
41,event_log,5,key pressed,e,2021-05-19T12:30:36,,,
42,event_log,5,key pressed,h,2021-05-19T12:30:36,,,
43,event_log,5,key pressed,e,2021-05-19T12:30:37,,,
44,event_log,5,key pressed,n,2021-05-19T12:30:37,,,
45,event_log,5,key pressed,,2021-05-19T12:30:37,,,
46,event_log,5,key pressed,?,2021-05-19T12:30:37,,,
47,event_log,5,word typed,gehen?,2021-05-19T12:30:37,,,
48,event_log,5,sentence typed,"Hallo, wohin wollen wir heute gehen?",2021-05-19T12:30:37,,,
50,event_log,5,key pressed,return,2021-05-19T12:30:37,,,
51,event_log,5,key pressed,,2021-05-19T12:30:38,,,
52,event_log,5,key pressed,D,2021-05-19T12:30:38,,,
53,event_log,5,key pressed,U,2021-05-19T12:30:39,,,
54,event_log,5,word typed,DU,2021-05-19T12:30:39,,,
55,event_log,5,key pressed,space,2021-05-19T12:30:39,,,
56,event_log,5,key pressed,w,2021-05-19T12:30:39,,,
57,event_log,5,key pressed,backspace,2021-05-19T12:30:39,,,
58,event_log,5,key pressed,backspace,2021-05-19T12:30:40,,,
59,event_log,5,key pressed,backspace,2021-05-19T12:30:40,,,
60,event_log,5,key pressed,u,2021-05-19T12:30:40,,,
61,event_log,5,word typed,u,2021-05-19T12:30:40,,,
62,event_log,5,key pressed,space,2021-05-19T12:30:40,,,
63,event_log,5,key pressed,w,2021-05-19T12:30:40,,,
64,event_log,5,key pressed,i,2021-05-19T12:30:40,,,
65,event_log,5,key pressed,r,2021-05-19T12:30:41,,,
66,event_log,5,key pressed,f,2021-05-19T12:30:41,,,
67,event_log,5,key pressed,s,2021-05-19T12:30:41,,,
68,event_log,5,key pressed,t,2021-05-19T12:30:41,,,
69,event_log,5,word typed,wirfst,2021-05-19T12:30:41,,,
70,event_log,5,key pressed,space,2021-05-19T12:30:41,,,
71,event_log,5,key pressed,d,2021-05-19T12:30:41,,,
72,event_log,5,key pressed,e,2021-05-19T12:30:42,,,
73,event_log,5,key pressed,n,2021-05-19T12:30:42,,,
74,event_log,5,word typed,den,2021-05-19T12:30:42,,,
75,event_log,5,key pressed,space,2021-05-19T12:30:42,,,
76,event_log,5,key pressed,,2021-05-19T12:30:42,,,
77,event_log,5,key pressed,S,2021-05-19T12:30:42,,,
78,event_log,5,key pressed,c,2021-05-19T12:30:42,,,
79,event_log,5,key pressed,h,2021-05-19T12:30:43,,,
80,event_log,5,key pressed,w,2021-05-19T12:30:43,,,
81,event_log,5,key pressed,e,2021-05-19T12:30:43,,,
82,event_log,5,key pressed,i,2021-05-19T12:30:43,,,
83,event_log,5,key pressed,n,2021-05-19T12:30:43,,,
84,event_log,5,key pressed,e,2021-05-19T12:30:43,,,
85,event_log,5,key pressed,n,2021-05-19T12:30:43,,,
86,event_log,5,word typed,Schweinen,2021-05-19T12:30:43,,,
87,event_log,5,key pressed,space,2021-05-19T12:30:43,,,
88,event_log,5,key pressed,,2021-05-19T12:30:44,,,
89,event_log,5,key pressed,O,2021-05-19T12:30:44,,,
90,event_log,5,key pressed,e,2021-05-19T12:30:44,,,
91,event_log,5,key pressed,r,2021-05-19T12:30:44,,,
92,event_log,5,key pressed,l,2021-05-19T12:30:44,,,
93,event_log,5,key pressed,backspace,2021-05-19T12:30:44,,,
94,event_log,5,key pressed,backspace,2021-05-19T12:30:44,,,
95,event_log,5,key pressed,backspace,2021-05-19T12:30:45,,,
96,event_log,5,key pressed,backspace,2021-05-19T12:30:45,,,
97,event_log,5,key pressed,,2021-05-19T12:30:45,,,
98,event_log,5,key pressed,P,2021-05-19T12:30:45,,,
99,event_log,5,key pressed,e,2021-05-19T12:30:45,,,
100,event_log,5,key pressed,r,2021-05-19T12:30:45,,,
101,event_log,5,key pressed,l,2021-05-19T12:30:45,,,
102,event_log,5,key pressed,e,2021-05-19T12:30:45,,,
103,event_log,5,key pressed,n,2021-05-19T12:30:46,,,
104,event_log,5,word typed,Perlen,2021-05-19T12:30:46,,,
105,event_log,5,key pressed,space,2021-05-19T12:30:46,,,
106,event_log,5,key pressed,v,2021-05-19T12:30:46,,,
107,event_log,5,key pressed,o,2021-05-19T12:30:46,,,
108,event_log,5,key pressed,r,2021-05-19T12:30:46,,,
109,event_log,5,word typed,vor,2021-05-19T12:30:47,,,
110,event_log,5,key pressed,space,2021-05-19T12:30:47,,,
111,event_log,5,key pressed,d,2021-05-19T12:30:47,,,
112,event_log,5,key pressed,i,2021-05-19T12:30:47,,,
113,event_log,5,key pressed,e,2021-05-19T12:30:47,,,
114,event_log,5,word typed,die,2021-05-19T12:30:47,,,
115,event_log,5,key pressed,space,2021-05-19T12:30:47,,,
116,event_log,5,key pressed,f,2021-05-19T12:30:47,,,
117,event_log,5,key pressed,ü,2021-05-19T12:30:48,,,
118,event_log,5,key pressed,ß,2021-05-19T12:30:48,,,
119,event_log,5,key pressed,e,2021-05-19T12:30:48,,,
120,event_log,5,key pressed,.,2021-05-19T12:30:49,,,
121,event_log,5,word typed,füße.,2021-05-19T12:30:49,,,
122,event_log,5,sentence typed,Du wirfst den Schweinen Perlen vor die füße.,2021-05-19T12:30:49,,,
124,event_log,5,key pressed,return,2021-05-19T12:30:49,,,
125,event_log,5,key pressed,,2021-05-19T12:30:50,,,
126,event_log,5,key pressed,D,2021-05-19T12:30:50,,,
127,event_log,5,key pressed,i,2021-05-19T12:30:50,,,
128,event_log,5,key pressed,e,2021-05-19T12:30:50,,,
129,event_log,5,word typed,Die,2021-05-19T12:30:51,,,
130,event_log,5,key pressed,space,2021-05-19T12:30:51,,,
131,event_log,5,key pressed,,2021-05-19T12:30:51,,,
132,event_log,5,key pressed,F,2021-05-19T12:30:51,,,
133,event_log,5,key pressed,a,2021-05-19T12:30:51,,,
134,event_log,5,key pressed,n,2021-05-19T12:30:51,,,
135,event_log,5,key pressed,t,2021-05-19T12:30:51,,,
136,event_log,5,key pressed,a,2021-05-19T12:30:51,,,
137,event_log,5,key pressed,s,2021-05-19T12:30:52,,,
138,event_log,5,key pressed,i,2021-05-19T12:30:52,,,
139,event_log,5,key pressed,e,2021-05-19T12:30:52,,,
140,event_log,5,word typed,Fantasie,2021-05-19T12:30:52,,,
141,event_log,5,key pressed,space,2021-05-19T12:30:52,,,
142,event_log,5,key pressed,v,2021-05-19T12:30:52,,,
143,event_log,5,key pressed,o,2021-05-19T12:30:52,,,
144,event_log,5,key pressed,n,2021-05-19T12:30:52,,,
145,event_log,5,word typed,von,2021-05-19T12:30:53,,,
146,event_log,5,key pressed,space,2021-05-19T12:30:53,,,
147,event_log,5,key pressed,,2021-05-19T12:30:53,,,
148,event_log,5,key pressed,K,2021-05-19T12:30:53,,,
149,event_log,5,key pressed,i,2021-05-19T12:30:53,,,
150,event_log,5,key pressed,n,2021-05-19T12:30:53,,,
151,event_log,5,key pressed,d,2021-05-19T12:30:53,,,
152,event_log,5,key pressed,e,2021-05-19T12:30:53,,,
153,event_log,5,key pressed,n,2021-05-19T12:30:54,,,
154,event_log,5,key pressed,backspace,2021-05-19T12:30:54,,,
155,event_log,5,key pressed,r,2021-05-19T12:30:54,,,
156,event_log,5,key pressed,n,2021-05-19T12:30:54,,,
157,event_log,5,word typed,Kindern,2021-05-19T12:30:54,,,
158,event_log,5,key pressed,space,2021-05-19T12:30:54,,,
159,event_log,5,key pressed,i,2021-05-19T12:30:55,,,
160,event_log,5,key pressed,s,2021-05-19T12:30:55,,,
161,event_log,5,key pressed,t,2021-05-19T12:30:55,,,
162,event_log,5,word typed,ist,2021-05-19T12:30:55,,,
163,event_log,5,key pressed,space,2021-05-19T12:30:55,,,
164,event_log,5,key pressed,u,2021-05-19T12:30:55,,,
165,event_log,5,key pressed,n,2021-05-19T12:30:55,,,
166,event_log,5,key pressed,e,2021-05-19T12:30:55,,,
167,event_log,5,key pressed,r,2021-05-19T12:30:56,,,
168,event_log,5,key pressed,m,2021-05-19T12:30:56,,,
169,event_log,5,key pressed,e,2021-05-19T12:30:56,,,
170,event_log,5,key pressed,s,2021-05-19T12:30:56,,,
171,event_log,5,key pressed,s,2021-05-19T12:30:56,,,
172,event_log,5,key pressed,l,2021-05-19T12:30:56,,,
173,event_log,5,key pressed,i,2021-05-19T12:30:57,,,
174,event_log,5,key pressed,c,2021-05-19T12:30:57,,,
175,event_log,5,key pressed,h,2021-05-19T12:30:57,,,
176,event_log,5,key pressed,.,2021-05-19T12:30:57,,,
177,event_log,5,word typed,unermesslich.,2021-05-19T12:30:58,,,
178,event_log,5,sentence typed,Die Fantasie von Kindern ist unermesslich.,2021-05-19T12:30:58,,,
180,event_log,5,test finished,,2021-05-19T12:30:58,,,
181,event_log,6,key pressed,,2021-05-19T12:31:37,,,
182,event_log,6,key pressed,H,2021-05-19T12:31:38,,,
183,event_log,6,key pressed,a,2021-05-19T12:31:38,,,
184,event_log,6,key pressed,l,2021-05-19T12:31:38,,,
185,event_log,6,key pressed,l,2021-05-19T12:31:38,,,
186,event_log,6,key pressed,o,2021-05-19T12:31:38,,,
187,event_log,6,key pressed,",",2021-05-19T12:31:39,,,
188,event_log,6,word typed,"Hallo,",2021-05-19T12:31:40,,,
189,event_log,6,key pressed,space,2021-05-19T12:31:40,,,
190,event_log,6,key pressed,w,2021-05-19T12:31:40,,,
191,event_log,6,key pressed,o,2021-05-19T12:31:40,,,
192,event_log,6,key pressed,h,2021-05-19T12:31:40,,,
193,event_log,6,key pressed,i,2021-05-19T12:31:40,,,
194,event_log,6,key pressed,n,2021-05-19T12:31:40,,,
195,event_log,6,word typed,wohin,2021-05-19T12:31:42,,,
196,event_log,6,key pressed,space,2021-05-19T12:31:42,,,
197,event_log,6,key pressed,w,2021-05-19T12:31:42,,,
198,event_log,6,key pressed,o,2021-05-19T12:31:42,,,
199,event_log,6,key pressed,l,2021-05-19T12:31:42,,,
200,event_log,6,key pressed,l,2021-05-19T12:31:42,,,
201,event_log,6,key pressed,e,2021-05-19T12:31:43,,,
202,event_log,6,key pressed,n,2021-05-19T12:31:43,,,
203,event_log,6,word typed,wollen,2021-05-19T12:31:43,,,
204,event_log,6,key pressed,space,2021-05-19T12:31:43,,,
205,event_log,6,key pressed,w,2021-05-19T12:31:43,,,
206,event_log,6,key pressed,i,2021-05-19T12:31:44,,,
207,event_log,6,key pressed,r,2021-05-19T12:31:44,,,
208,event_log,6,word typed,wir,2021-05-19T12:31:44,,,
209,event_log,6,key pressed,space,2021-05-19T12:31:44,,,
210,event_log,6,key pressed,h,2021-05-19T12:31:44,,,
211,event_log,6,key pressed,e,2021-05-19T12:31:44,,,
212,event_log,6,key pressed,u,2021-05-19T12:31:44,,,
213,event_log,6,key pressed,t,2021-05-19T12:31:44,,,
214,event_log,6,key pressed,e,2021-05-19T12:31:45,,,
215,event_log,6,word typed,heute,2021-05-19T12:31:45,,,
216,event_log,6,key pressed,space,2021-05-19T12:31:45,,,
217,event_log,6,key pressed,g,2021-05-19T12:31:45,,,
218,event_log,6,key pressed,e,2021-05-19T12:31:45,,,
219,event_log,6,key pressed,h,2021-05-19T12:31:45,,,
220,event_log,6,key pressed,e,2021-05-19T12:31:45,,,
221,event_log,6,key pressed,n,2021-05-19T12:31:45,,,
222,event_log,6,key pressed,,2021-05-19T12:31:46,,,
223,event_log,6,key pressed,?,2021-05-19T12:31:46,,,
224,event_log,6,word typed,gehen?,2021-05-19T12:31:46,,,
225,event_log,6,sentence typed,"Hallo, wohin wollen wir heute gehen?",2021-05-19T12:31:46,,,
227,event_log,6,key pressed,return,2021-05-19T12:31:46,,,
228,event_log,6,key pressed,,2021-05-19T12:31:48,,,
229,event_log,6,key pressed,D,2021-05-19T12:31:48,,,
230,event_log,6,key pressed,u,2021-05-19T12:31:49,,,
231,event_log,6,word typed,Du,2021-05-19T12:31:49,,,
232,event_log,6,key pressed,space,2021-05-19T12:31:49,,,
233,event_log,6,key pressed,w,2021-05-19T12:31:49,,,
234,event_log,6,key pressed,i,2021-05-19T12:31:49,,,
235,event_log,6,key pressed,r,2021-05-19T12:31:50,,,
236,event_log,6,key pressed,f,2021-05-19T12:31:50,,,
237,event_log,6,key pressed,s,2021-05-19T12:31:51,,,
238,event_log,6,key pressed,t,2021-05-19T12:31:51,,,
239,event_log,6,word typed,wirfst,2021-05-19T12:31:51,,,
240,event_log,6,key pressed,space,2021-05-19T12:31:51,,,
241,event_log,6,key pressed,d,2021-05-19T12:31:52,,,
242,event_log,6,key pressed,e,2021-05-19T12:31:52,,,
243,event_log,6,key pressed,n,2021-05-19T12:31:52,,,
244,event_log,6,key pressed,,2021-05-19T12:31:52,,,
245,event_log,6,word typed,den,2021-05-19T12:31:52,,,
246,event_log,6,key pressed,space,2021-05-19T12:31:52,,,
247,event_log,6,key pressed,S,2021-05-19T12:31:52,,,
248,event_log,6,key pressed,c,2021-05-19T12:31:52,,,
249,event_log,6,key pressed,h,2021-05-19T12:31:53,,,
250,event_log,6,key pressed,w,2021-05-19T12:31:53,,,
251,event_log,6,key pressed,e,2021-05-19T12:31:53,,,
252,event_log,6,key pressed,i,2021-05-19T12:31:53,,,
253,event_log,6,key pressed,n,2021-05-19T12:31:53,,,
254,event_log,6,key pressed,e,2021-05-19T12:31:53,,,
255,event_log,6,key pressed,n,2021-05-19T12:31:53,,,
256,event_log,6,word typed,Schweinen,2021-05-19T12:31:54,,,
257,event_log,6,key pressed,space,2021-05-19T12:31:54,,,
258,event_log,6,key pressed,,2021-05-19T12:31:54,,,
259,event_log,6,key pressed,O,2021-05-19T12:31:54,,,
260,event_log,6,key pressed,e,2021-05-19T12:31:54,,,
261,event_log,6,key pressed,r,2021-05-19T12:31:54,,,
262,event_log,6,key pressed,l,2021-05-19T12:31:54,,,
263,event_log,6,key pressed,backspace,2021-05-19T12:31:55,,,
264,event_log,6,key pressed,backspace,2021-05-19T12:31:55,,,
265,event_log,6,key pressed,backspace,2021-05-19T12:31:55,,,
266,event_log,6,key pressed,backspace,2021-05-19T12:31:55,,,
267,event_log,6,key pressed,,2021-05-19T12:31:55,,,
268,event_log,6,key pressed,P,2021-05-19T12:31:55,,,
269,event_log,6,key pressed,e,2021-05-19T12:31:56,,,
270,event_log,6,key pressed,r,2021-05-19T12:31:56,,,
271,event_log,6,key pressed,l,2021-05-19T12:31:56,,,
272,event_log,6,key pressed,e,2021-05-19T12:31:56,,,
273,event_log,6,key pressed,n,2021-05-19T12:31:56,,,
274,event_log,6,word typed,Perlen,2021-05-19T12:31:56,,,
275,event_log,6,key pressed,space,2021-05-19T12:31:56,,,
276,event_log,6,key pressed,v,2021-05-19T12:31:57,,,
277,event_log,6,key pressed,o,2021-05-19T12:31:57,,,
278,event_log,6,key pressed,r,2021-05-19T12:31:57,,,
279,event_log,6,word typed,vor,2021-05-19T12:31:57,,,
280,event_log,6,key pressed,space,2021-05-19T12:31:57,,,
281,event_log,6,key pressed,d,2021-05-19T12:31:57,,,
282,event_log,6,key pressed,i,2021-05-19T12:31:57,,,
283,event_log,6,key pressed,e,2021-05-19T12:31:57,,,
284,event_log,6,word typed,die,2021-05-19T12:31:57,,,
285,event_log,6,key pressed,space,2021-05-19T12:31:57,,,
286,event_log,6,key pressed,f,2021-05-19T12:31:58,,,
287,event_log,6,key pressed,ü,2021-05-19T12:31:58,,,
288,event_log,6,key pressed,ß,2021-05-19T12:31:58,,,
289,event_log,6,key pressed,e,2021-05-19T12:31:58,,,
290,event_log,6,key pressed,.,2021-05-19T12:31:59,,,
291,event_log,6,word typed,füße.,2021-05-19T12:31:59,,,
292,event_log,6,sentence typed,Du wirfst den Schweinen Perlen vor die füße.,2021-05-19T12:31:59,,,
294,event_log,6,key pressed,return,2021-05-19T12:31:59,,,
295,event_log,6,key pressed,,2021-05-19T12:31:59,,,
296,event_log,6,key pressed,D,2021-05-19T12:32:00,,,
297,event_log,6,key pressed,i,2021-05-19T12:32:00,,,
298,event_log,6,key pressed,e,2021-05-19T12:32:00,,,
299,event_log,6,word typed,Die,2021-05-19T12:32:00,,,
300,event_log,6,key pressed,space,2021-05-19T12:32:00,,,
301,event_log,6,key pressed,,2021-05-19T12:32:00,,,
302,event_log,6,key pressed,F,2021-05-19T12:32:00,,,
303,event_log,6,key pressed,a,2021-05-19T12:32:00,,,
304,event_log,6,key pressed,n,2021-05-19T12:32:01,,,
305,event_log,6,key pressed,t,2021-05-19T12:32:01,,,
306,event_log,6,key pressed,a,2021-05-19T12:32:01,,,
307,event_log,6,key pressed,s,2021-05-19T12:32:01,,,
308,event_log,6,key pressed,i,2021-05-19T12:32:01,,,
309,event_log,6,key pressed,e,2021-05-19T12:32:01,,,
310,event_log,6,word typed,Fantasie,2021-05-19T12:32:01,,,
311,event_log,6,key pressed,space,2021-05-19T12:32:01,,,
312,event_log,6,key pressed,v,2021-05-19T12:32:02,,,
313,event_log,6,key pressed,o,2021-05-19T12:32:02,,,
314,event_log,6,key pressed,n,2021-05-19T12:32:02,,,
315,event_log,6,word typed,von,2021-05-19T12:32:02,,,
316,event_log,6,key pressed,space,2021-05-19T12:32:02,,,
317,event_log,6,key pressed,,2021-05-19T12:32:02,,,
318,event_log,6,key pressed,K,2021-05-19T12:32:02,,,
319,event_log,6,key pressed,i,2021-05-19T12:32:02,,,
320,event_log,6,key pressed,n,2021-05-19T12:32:02,,,
321,event_log,6,key pressed,d,2021-05-19T12:32:03,,,
322,event_log,6,key pressed,e,2021-05-19T12:32:03,,,
323,event_log,6,key pressed,r,2021-05-19T12:32:03,,,
324,event_log,6,key pressed,n,2021-05-19T12:32:03,,,
325,event_log,6,word typed,Kindern,2021-05-19T12:32:03,,,
326,event_log,6,key pressed,space,2021-05-19T12:32:03,,,
327,event_log,6,key pressed,i,2021-05-19T12:32:03,,,
328,event_log,6,key pressed,s,2021-05-19T12:32:03,,,
329,event_log,6,key pressed,t,2021-05-19T12:32:04,,,
330,event_log,6,word typed,ist,2021-05-19T12:32:04,,,
331,event_log,6,key pressed,space,2021-05-19T12:32:04,,,
332,event_log,6,key pressed,n,2021-05-19T12:32:04,,,
333,event_log,6,key pressed,backspace,2021-05-19T12:32:04,,,
334,event_log,6,key pressed,u,2021-05-19T12:32:05,,,
335,event_log,6,key pressed,n,2021-05-19T12:32:05,,,
336,event_log,6,key pressed,e,2021-05-19T12:32:05,,,
337,event_log,6,key pressed,r,2021-05-19T12:32:05,,,
338,event_log,6,key pressed,m,2021-05-19T12:32:05,,,
339,event_log,6,key pressed,e,2021-05-19T12:32:05,,,
340,event_log,6,key pressed,s,2021-05-19T12:32:05,,,
341,event_log,6,key pressed,s,2021-05-19T12:32:06,,,
342,event_log,6,key pressed,l,2021-05-19T12:32:06,,,
343,event_log,6,key pressed,i,2021-05-19T12:32:06,,,
344,event_log,6,key pressed,c,2021-05-19T12:32:06,,,
345,event_log,6,key pressed,h,2021-05-19T12:32:06,,,
346,event_log,6,key pressed,.,2021-05-19T12:32:06,,,
347,event_log,6,word typed,unermesslich.,2021-05-19T12:32:07,,,
348,event_log,6,sentence typed,Die Fantasie von Kindern ist unermesslich.,2021-05-19T12:32:07,,,
350,event_log,6,test finished,,2021-05-19T12:32:07,,,
351,event_log,7,key pressed,,2021-05-19T12:32:19,,,
352,event_log,7,key pressed,H,2021-05-19T12:32:20,,,
353,event_log,7,key pressed,a,2021-05-19T12:32:20,,,
354,event_log,7,key pressed,l,2021-05-19T12:32:20,,,
355,event_log,7,key pressed,o,2021-05-19T12:32:20,,,
356,event_log,7,key pressed,backspace,2021-05-19T12:32:21,,,
357,event_log,7,key pressed,l,2021-05-19T12:32:21,,,
358,event_log,7,key pressed,",",2021-05-19T12:32:22,,,
359,event_log,7,word typed,"Hallo,",2021-05-19T12:32:22,,,
360,event_log,7,key pressed,space,2021-05-19T12:32:22,,,
361,event_log,7,key pressed,w,2021-05-19T12:32:22,,,
362,event_log,7,key pressed,o,2021-05-19T12:32:22,,,
363,event_log,7,word typed,wohin,2021-05-19T12:32:23,,,
364,event_log,7,key pressed,space,2021-05-19T12:32:23,,,
365,event_log,7,key pressed,s,2021-05-19T12:32:23,,,
366,event_log,7,key pressed,backspace,2021-05-19T12:32:24,,,
367,event_log,7,key pressed,w,2021-05-19T12:32:24,,,
368,event_log,7,key pressed,o,2021-05-19T12:32:24,,,
369,event_log,7,key pressed,l,2021-05-19T12:32:24,,,
370,event_log,7,key pressed,l,2021-05-19T12:32:24,,,
371,event_log,7,word typed,wollen,2021-05-19T12:32:26,,,
372,event_log,7,key pressed,space,2021-05-19T12:32:26,,,
373,event_log,7,key pressed,w,2021-05-19T12:32:26,,,
374,event_log,7,key pressed,i,2021-05-19T12:32:26,,,
375,event_log,7,key pressed,r,2021-05-19T12:32:26,,,
376,event_log,7,word typed,wir,2021-05-19T12:32:27,,,
377,event_log,7,key pressed,space,2021-05-19T12:32:27,,,
378,event_log,7,key pressed,h,2021-05-19T12:32:28,,,
379,event_log,7,key pressed,e,2021-05-19T12:32:28,,,
380,event_log,7,key pressed,u,2021-05-19T12:32:28,,,
381,event_log,7,key pressed,t,2021-05-19T12:32:28,,,
382,event_log,7,word typed,heute,2021-05-19T12:32:29,,,
383,event_log,7,key pressed,space,2021-05-19T12:32:29,,,
384,event_log,7,key pressed,g,2021-05-19T12:32:29,,,
385,event_log,7,key pressed,e,2021-05-19T12:32:29,,,
386,event_log,7,key pressed,h,2021-05-19T12:32:29,,,
387,event_log,7,key pressed,e,2021-05-19T12:32:29,,,
388,event_log,7,key pressed,,2021-05-19T12:32:30,,,
389,event_log,7,key pressed,?,2021-05-19T12:32:30,,,
390,event_log,7,word typed,gehen?,2021-05-19T12:32:30,,,
391,event_log,7,sentence typed,"Hallo, wohin wollen wir heute gehen?",2021-05-19T12:32:30,,,
393,event_log,7,key pressed,return,2021-05-19T12:32:30,,,
394,event_log,7,key pressed,,2021-05-19T12:32:31,,,
395,event_log,7,key pressed,D,2021-05-19T12:32:31,,,
396,event_log,7,key pressed,U,2021-05-19T12:32:31,,,
397,event_log,7,word typed,DU,2021-05-19T12:32:32,,,
398,event_log,7,key pressed,space,2021-05-19T12:32:32,,,
399,event_log,7,key pressed,w,2021-05-19T12:32:32,,,
400,event_log,7,key pressed,backspace,2021-05-19T12:32:32,,,
401,event_log,7,key pressed,backspace,2021-05-19T12:32:33,,,
402,event_log,7,key pressed,backspace,2021-05-19T12:32:33,,,
403,event_log,7,key pressed,u,2021-05-19T12:32:33,,,
404,event_log,7,word typed,u,2021-05-19T12:32:33,,,
405,event_log,7,key pressed,space,2021-05-19T12:32:33,,,
406,event_log,7,key pressed,w,2021-05-19T12:32:33,,,
407,event_log,7,key pressed,i,2021-05-19T12:32:33,,,
408,event_log,7,key pressed,r,2021-05-19T12:32:33,,,
409,event_log,7,key pressed,f,2021-05-19T12:32:34,,,
410,event_log,7,key pressed,s,2021-05-19T12:32:34,,,
411,event_log,7,word typed,wirfst,2021-05-19T12:32:35,,,
412,event_log,7,key pressed,space,2021-05-19T12:32:35,,,
413,event_log,7,key pressed,d,2021-05-19T12:32:35,,,
414,event_log,7,key pressed,e,2021-05-19T12:32:35,,,
415,event_log,7,key pressed,n,2021-05-19T12:32:35,,,
416,event_log,7,word typed,den,2021-05-19T12:32:35,,,
417,event_log,7,key pressed,space,2021-05-19T12:32:35,,,
418,event_log,7,key pressed,,2021-05-19T12:32:36,,,
419,event_log,7,key pressed,S,2021-05-19T12:32:36,,,
420,event_log,7,key pressed,c,2021-05-19T12:32:36,,,
421,event_log,7,key pressed,h,2021-05-19T12:32:36,,,
422,event_log,7,key pressed,w,2021-05-19T12:32:36,,,
423,event_log,7,key pressed,e,2021-05-19T12:32:37,,,
424,event_log,7,key pressed,i,2021-05-19T12:32:37,,,
425,event_log,7,key pressed,n,2021-05-19T12:32:37,,,
426,event_log,7,key pressed,+,2021-05-19T12:32:38,,,
427,event_log,7,key pressed,backspace,2021-05-19T12:32:38,,,
428,event_log,7,key pressed,e,2021-05-19T12:32:38,,,
429,event_log,7,key pressed,+,2021-05-19T12:32:39,,,
430,event_log,7,key pressed,backspace,2021-05-19T12:32:39,,,
431,event_log,7,word typed,Schweinen,2021-05-19T12:32:40,,,
432,event_log,7,key pressed,space,2021-05-19T12:32:40,,,
433,event_log,7,key pressed,,2021-05-19T12:32:41,,,
434,event_log,7,key pressed,,2021-05-19T12:32:41,,,
435,event_log,7,key pressed,P,2021-05-19T12:32:41,,,
436,event_log,7,key pressed,e,2021-05-19T12:32:41,,,
437,event_log,7,key pressed,r,2021-05-19T12:32:41,,,
438,event_log,7,word typed,Perlen,2021-05-19T12:32:42,,,
439,event_log,7,key pressed,space,2021-05-19T12:32:42,,,
440,event_log,7,key pressed,v,2021-05-19T12:32:43,,,
441,event_log,7,key pressed,o,2021-05-19T12:32:43,,,
442,event_log,7,key pressed,r,2021-05-19T12:32:43,,,
443,event_log,7,word typed,vor,2021-05-19T12:32:43,,,
444,event_log,7,key pressed,space,2021-05-19T12:32:43,,,
445,event_log,7,key pressed,d,2021-05-19T12:32:43,,,
446,event_log,7,key pressed,i,2021-05-19T12:32:43,,,
447,event_log,7,key pressed,e,2021-05-19T12:32:43,,,
448,event_log,7,word typed,die,2021-05-19T12:32:43,,,
449,event_log,7,key pressed,space,2021-05-19T12:32:43,,,
450,event_log,7,key pressed,,2021-05-19T12:32:44,,,
451,event_log,7,key pressed,f,2021-05-19T12:32:44,,,
452,event_log,7,key pressed,ü,2021-05-19T12:32:44,,,
453,event_log,7,key pressed,ß,2021-05-19T12:32:44,,,
454,event_log,7,key pressed,e,2021-05-19T12:32:44,,,
455,event_log,7,key pressed,.,2021-05-19T12:32:46,,,
456,event_log,7,word typed,füße.,2021-05-19T12:32:46,,,
457,event_log,7,sentence typed,Du wirfst den Schweinen Perlen vor die füße.,2021-05-19T12:32:46,,,
459,event_log,7,key pressed,return,2021-05-19T12:32:46,,,
460,event_log,7,key pressed,,2021-05-19T12:32:47,,,
461,event_log,7,key pressed,D,2021-05-19T12:32:47,,,
462,event_log,7,key pressed,i,2021-05-19T12:32:47,,,
463,event_log,7,key pressed,e,2021-05-19T12:32:47,,,
464,event_log,7,word typed,Die,2021-05-19T12:32:47,,,
465,event_log,7,key pressed,space,2021-05-19T12:32:47,,,
466,event_log,7,key pressed,,2021-05-19T12:32:47,,,
467,event_log,7,key pressed,F,2021-05-19T12:32:47,,,
468,event_log,7,key pressed,a,2021-05-19T12:32:48,,,
469,event_log,7,key pressed,n,2021-05-19T12:32:48,,,
470,event_log,7,key pressed,t,2021-05-19T12:32:48,,,
471,event_log,7,key pressed,a,2021-05-19T12:32:48,,,
472,event_log,7,word typed,Fantasie,2021-05-19T12:32:49,,,
473,event_log,7,key pressed,space,2021-05-19T12:32:49,,,
474,event_log,7,key pressed,v,2021-05-19T12:32:49,,,
475,event_log,7,key pressed,o,2021-05-19T12:32:49,,,
476,event_log,7,key pressed,n,2021-05-19T12:32:49,,,
477,event_log,7,word typed,von,2021-05-19T12:32:49,,,
478,event_log,7,key pressed,space,2021-05-19T12:32:49,,,
479,event_log,7,key pressed,,2021-05-19T12:32:49,,,
480,event_log,7,key pressed,K,2021-05-19T12:32:49,,,
481,event_log,7,key pressed,i,2021-05-19T12:32:49,,,
482,event_log,7,key pressed,n,2021-05-19T12:32:50,,,
483,event_log,7,key pressed,d,2021-05-19T12:32:50,,,
484,event_log,7,word typed,Kindern,2021-05-19T12:32:50,,,
485,event_log,7,key pressed,space,2021-05-19T12:32:50,,,
486,event_log,7,key pressed,i,2021-05-19T12:32:50,,,
487,event_log,7,key pressed,s,2021-05-19T12:32:51,,,
488,event_log,7,key pressed,t,2021-05-19T12:32:51,,,
489,event_log,7,word typed,ist,2021-05-19T12:32:51,,,
490,event_log,7,key pressed,space,2021-05-19T12:32:51,,,
491,event_log,7,key pressed,u,2021-05-19T12:32:51,,,
492,event_log,7,key pressed,n,2021-05-19T12:32:51,,,
493,event_log,7,key pressed,e,2021-05-19T12:32:51,,,
494,event_log,7,key pressed,r,2021-05-19T12:32:52,,,
495,event_log,7,key pressed,.,2021-05-19T12:32:52,,,
496,event_log,7,word typed,unermesslich.,2021-05-19T12:32:53,,,
497,event_log,7,sentence typed,Die Fantasie von Kindern ist unermesslich.,2021-05-19T12:32:53,,,
499,event_log,7,test finished,,2021-05-19T12:32:53,,,
500,event_log,8,key pressed,,2021-05-19T12:33:02,,,
501,event_log,8,key pressed,H,2021-05-19T12:33:02,,,
502,event_log,8,key pressed,a,2021-05-19T12:33:02,,,
503,event_log,8,key pressed,l,2021-05-19T12:33:02,,,
504,event_log,8,key pressed,",",2021-05-19T12:33:03,,,
505,event_log,8,word typed,"Hallo,",2021-05-19T12:33:04,,,
506,event_log,8,key pressed,space,2021-05-19T12:33:04,,,
507,event_log,8,key pressed,w,2021-05-19T12:33:04,,,
508,event_log,8,key pressed,o,2021-05-19T12:33:04,,,
509,event_log,8,key pressed,h,2021-05-19T12:33:05,,,
510,event_log,8,word typed,wohin,2021-05-19T12:33:06,,,
511,event_log,8,key pressed,space,2021-05-19T12:33:06,,,
512,event_log,8,key pressed,w,2021-05-19T12:33:06,,,
513,event_log,8,key pressed,o,2021-05-19T12:33:06,,,
514,event_log,8,key pressed,l,2021-05-19T12:33:06,,,
515,event_log,8,key pressed,l,2021-05-19T12:33:06,,,
516,event_log,8,key pressed,e,2021-05-19T12:33:06,,,
517,event_log,8,word typed,wollen,2021-05-19T12:33:08,,,
518,event_log,8,key pressed,space,2021-05-19T12:33:08,,,
519,event_log,8,key pressed,w,2021-05-19T12:33:08,,,
520,event_log,8,key pressed,i,2021-05-19T12:33:08,,,
521,event_log,8,key pressed,r,2021-05-19T12:33:08,,,
522,event_log,8,word typed,wir,2021-05-19T12:33:08,,,
523,event_log,8,key pressed,space,2021-05-19T12:33:08,,,
524,event_log,8,key pressed,h,2021-05-19T12:33:09,,,
525,event_log,8,key pressed,e,2021-05-19T12:33:09,,,
526,event_log,8,key pressed,u,2021-05-19T12:33:10,,,
527,event_log,8,key pressed,t,2021-05-19T12:33:10,,,
528,event_log,8,key pressed,e,2021-05-19T12:33:10,,,
529,event_log,8,word typed,heute,2021-05-19T12:33:10,,,
530,event_log,8,key pressed,space,2021-05-19T12:33:10,,,
531,event_log,8,key pressed,g,2021-05-19T12:33:11,,,
532,event_log,8,key pressed,e,2021-05-19T12:33:11,,,
533,event_log,8,key pressed,h,2021-05-19T12:33:11,,,
534,event_log,8,key pressed,e,2021-05-19T12:33:11,,,
535,event_log,8,key pressed,n,2021-05-19T12:33:11,,,
536,event_log,8,key pressed,,2021-05-19T12:33:11,,,
537,event_log,8,key pressed,?,2021-05-19T12:33:12,,,
538,event_log,8,word typed,gehen?,2021-05-19T12:33:12,,,
539,event_log,8,sentence typed,"Hallo, wohin wollen wir heute gehen?",2021-05-19T12:33:12,,,
541,event_log,8,key pressed,return,2021-05-19T12:33:12,,,
542,event_log,8,key pressed,,2021-05-19T12:33:13,,,
543,event_log,8,key pressed,D,2021-05-19T12:33:13,,,
544,event_log,8,key pressed,u,2021-05-19T12:33:14,,,
545,event_log,8,word typed,Du,2021-05-19T12:33:14,,,
546,event_log,8,key pressed,space,2021-05-19T12:33:14,,,
547,event_log,8,key pressed,w,2021-05-19T12:33:15,,,
548,event_log,8,key pressed,i,2021-05-19T12:33:15,,,
549,event_log,8,key pressed,r,2021-05-19T12:33:15,,,
550,event_log,8,key pressed,f,2021-05-19T12:33:15,,,
551,event_log,8,key pressed,s,2021-05-19T12:33:15,,,
552,event_log,8,key pressed,t,2021-05-19T12:33:15,,,
553,event_log,8,word typed,wirfst,2021-05-19T12:33:16,,,
554,event_log,8,key pressed,space,2021-05-19T12:33:16,,,
555,event_log,8,key pressed,d,2021-05-19T12:33:16,,,
556,event_log,8,key pressed,e,2021-05-19T12:33:16,,,
557,event_log,8,key pressed,n,2021-05-19T12:33:16,,,
558,event_log,8,key pressed,,2021-05-19T12:33:17,,,
559,event_log,8,word typed,den,2021-05-19T12:33:17,,,
560,event_log,8,key pressed,space,2021-05-19T12:33:17,,,
561,event_log,8,key pressed,S,2021-05-19T12:33:17,,,
562,event_log,8,key pressed,c,2021-05-19T12:33:17,,,
563,event_log,8,key pressed,h,2021-05-19T12:33:17,,,
564,event_log,8,key pressed,w,2021-05-19T12:33:17,,,
565,event_log,8,key pressed,e,2021-05-19T12:33:18,,,
566,event_log,8,key pressed,i,2021-05-19T12:33:18,,,
567,event_log,8,key pressed,n,2021-05-19T12:33:18,,,
568,event_log,8,key pressed,e,2021-05-19T12:33:18,,,
569,event_log,8,key pressed,n,2021-05-19T12:33:18,,,
570,event_log,8,word typed,Schweinen,2021-05-19T12:33:19,,,
571,event_log,8,key pressed,space,2021-05-19T12:33:19,,,
572,event_log,8,key pressed,,2021-05-19T12:33:19,,,
573,event_log,8,key pressed,,2021-05-19T12:33:19,,,
574,event_log,8,key pressed,P,2021-05-19T12:33:20,,,
575,event_log,8,key pressed,e,2021-05-19T12:33:20,,,
576,event_log,8,key pressed,r,2021-05-19T12:33:20,,,
577,event_log,8,key pressed,l,2021-05-19T12:33:20,,,
578,event_log,8,key pressed,e,2021-05-19T12:33:20,,,
579,event_log,8,key pressed,n,2021-05-19T12:33:20,,,
580,event_log,8,word typed,Perlen,2021-05-19T12:33:22,,,
581,event_log,8,key pressed,space,2021-05-19T12:33:22,,,
582,event_log,8,key pressed,v,2021-05-19T12:33:22,,,
583,event_log,8,key pressed,o,2021-05-19T12:33:22,,,
584,event_log,8,key pressed,r,2021-05-19T12:33:22,,,
585,event_log,8,word typed,vor,2021-05-19T12:33:22,,,
586,event_log,8,key pressed,space,2021-05-19T12:33:22,,,
587,event_log,8,key pressed,d,2021-05-19T12:33:23,,,
588,event_log,8,key pressed,i,2021-05-19T12:33:23,,,
589,event_log,8,key pressed,e,2021-05-19T12:33:23,,,
590,event_log,8,word typed,die,2021-05-19T12:33:23,,,
591,event_log,8,key pressed,space,2021-05-19T12:33:23,,,
592,event_log,8,key pressed,f,2021-05-19T12:33:24,,,
593,event_log,8,key pressed,ü,2021-05-19T12:33:25,,,
594,event_log,8,key pressed,ß,2021-05-19T12:33:25,,,
595,event_log,8,key pressed,e,2021-05-19T12:33:25,,,
596,event_log,8,key pressed,.,2021-05-19T12:33:25,,,
597,event_log,8,word typed,füße.,2021-05-19T12:33:26,,,
598,event_log,8,sentence typed,Du wirfst den Schweinen Perlen vor die füße.,2021-05-19T12:33:26,,,
600,event_log,8,key pressed,return,2021-05-19T12:33:26,,,
601,event_log,8,key pressed,,2021-05-19T12:33:26,,,
602,event_log,8,key pressed,D,2021-05-19T12:33:27,,,
603,event_log,8,key pressed,i,2021-05-19T12:33:27,,,
604,event_log,8,key pressed,e,2021-05-19T12:33:27,,,
605,event_log,8,word typed,Die,2021-05-19T12:33:27,,,
606,event_log,8,key pressed,space,2021-05-19T12:33:27,,,
607,event_log,8,key pressed,,2021-05-19T12:33:27,,,
608,event_log,8,key pressed,F,2021-05-19T12:33:27,,,
609,event_log,8,key pressed,a,2021-05-19T12:33:27,,,
610,event_log,8,key pressed,n,2021-05-19T12:33:28,,,
611,event_log,8,key pressed,t,2021-05-19T12:33:28,,,
612,event_log,8,key pressed,a,2021-05-19T12:33:28,,,
613,event_log,8,word typed,Fantasie,2021-05-19T12:33:28,,,
614,event_log,8,key pressed,space,2021-05-19T12:33:28,,,
615,event_log,8,key pressed,v,2021-05-19T12:33:29,,,
616,event_log,8,key pressed,o,2021-05-19T12:33:29,,,
617,event_log,8,key pressed,n,2021-05-19T12:33:29,,,
618,event_log,8,word typed,von,2021-05-19T12:33:29,,,
619,event_log,8,key pressed,space,2021-05-19T12:33:29,,,
620,event_log,8,key pressed,,2021-05-19T12:33:29,,,
621,event_log,8,key pressed,K,2021-05-19T12:33:29,,,
622,event_log,8,key pressed,i,2021-05-19T12:33:29,,,
623,event_log,8,key pressed,n,2021-05-19T12:33:29,,,
624,event_log,8,key pressed,d,2021-05-19T12:33:30,,,
625,event_log,8,key pressed,e,2021-05-19T12:33:30,,,
626,event_log,8,key pressed,r,2021-05-19T12:33:30,,,
627,event_log,8,word typed,Kindern,2021-05-19T12:33:31,,,
628,event_log,8,key pressed,space,2021-05-19T12:33:31,,,
629,event_log,8,key pressed,,2021-05-19T12:33:31,,,
630,event_log,8,key pressed,i,2021-05-19T12:33:31,,,
631,event_log,8,key pressed,s,2021-05-19T12:33:31,,,
632,event_log,8,key pressed,t,2021-05-19T12:33:31,,,
633,event_log,8,word typed,ist,2021-05-19T12:33:31,,,
634,event_log,8,key pressed,space,2021-05-19T12:33:31,,,
635,event_log,8,key pressed,u,2021-05-19T12:33:31,,,
636,event_log,8,key pressed,n,2021-05-19T12:33:31,,,
637,event_log,8,key pressed,e,2021-05-19T12:33:32,,,
638,event_log,8,key pressed,r,2021-05-19T12:33:32,,,
639,event_log,8,key pressed,.,2021-05-19T12:33:32,,,
640,event_log,8,word typed,unermesslich.,2021-05-19T12:33:33,,,
641,event_log,8,sentence typed,Die Fantasie von Kindern ist unermesslich.,2021-05-19T12:33:33,,,
643,event_log,8,test finished,,2021-05-19T12:33:33,,,
